Model,Train_R2,Test_R2,Train_RMSE,Test_RMSE,Test_MAE,Test_MAPE,CV_Mean_R2,CV_Std_R2
Ridge Regression,0.9944969382878776,0.990926204296827,0.3777946324804453,0.5351650225355257,0.43435227635657847,3.9900298415167326,-306017.3955678761,612035.6161029919
Linear Regression,0.994502848488005,0.9906875154286237,0.3775917052889012,0.5421581686316893,0.4382203587353019,4.033771067887343,-1623488.321303332,3246976.9641263844
ElasticNet,0.9920671580674689,0.9897859438620142,0.4535947217204015,0.5677960183719809,0.45482074705130093,4.25951979248509,-279344.7342745622,558691.4308906959
Lasso Regression,0.9899713805968132,0.9886004139999991,0.5100046862489639,0.5998432307046702,0.4823262557151365,4.614592371639388,0.9796624729806922,0.01490946697440562
Gradient Boosting,0.9996517517530471,0.9879226276040515,0.09503816914815436,0.6174182341599448,0.46191873778739884,4.835927425368971,0.9859064296623867,0.00634861983639677
Random Forest,0.9979839083811268,0.9873392387392517,0.22866975368421696,0.632154352195727,0.48627499999999946,4.897406326819776,0.9837377278216263,0.006463930635112348
Decision Tree,1.0,0.9649754711470394,0.0,1.0514276009312293,0.7100000000000003,7.680892957420838,0.9467723836546549,0.04855328064365775
Support Vector Regression,-0.02374268355532161,-0.005982741295985861,5.152867762359297,5.634929508501224,4.755245465649728,40.27453143334206,-0.015255833458225076,0.30209911311461557
